ZK00000008;KRS000001;TK/2025/0001;2025-01-01;16:00;Tabela kursowa nr 1
ZK00000004;KRS000002;TK/2025/0002;2025-01-02;00:00;Tabela kursowa nr 2
ZK00000008;KRS000003;TK/2025/0003;2025-01-02;08:00;Tabela kursowa nr 3
ZK00000006;KRS000004;TK/2025/0004;2025-01-02;16:00;Tabela kursowa nr 4
ZK00000004;KRS000005;TK/2025/0005;2025-01-03;00:00;Tabela kursowa nr 5
ZK00000001;KRS000006;TK/2025/0006;2025-01-03;08:00;Tabela kursowa nr 6
ZK00000001;KRS000007;TK/2025/0007;2025-01-03;16:00;Tabela kursowa nr 7
ZK00000002;KRS000008;TK/2025/0008;2025-01-04;00:00;Tabela kursowa nr 8
ZK00000002;KRS000009;TK/2025/0009;2025-01-04;08:00;Tabela kursowa nr 9
ZK00000010;KRS000010;TK/2025/0010;2025-01-04;16:00;Tabela kursowa nr 10
ZK00000008;KRS000011;TK/2025/0011;2025-01-05;00:00;Tabela kursowa nr 11
ZK00000003;KRS000012;TK/2025/0012;2025-01-05;08:00;Tabela kursowa nr 12
ZK00000002;KRS000013;TK/2025/0013;2025-01-05;16:00;Tabela kursowa nr 13
ZK00000009;KRS000014;TK/2025/0014;2025-01-06;00:00;Tabela kursowa nr 14
ZK00000002;KRS000015;TK/2025/0015;2025-01-06;08:00;Tabela kursowa nr 15
ZK00000002;KRS000016;TK/2025/0016;2025-01-06;16:00;Tabela kursowa nr 16
ZK00000005;KRS000017;TK/2025/0017;2025-01-07;00:00;Tabela kursowa nr 17
ZK00000004;KRS000018;TK/2025/0018;2025-01-07;08:00;Tabela kursowa nr 18
ZK00000008;KRS000019;TK/2025/0019;2025-01-07;16:00;Tabela kursowa nr 19
ZK00000005;KRS000020;TK/2025/0020;2025-01-08;00:00;Tabela kursowa nr 20
ZK00000005;KRS000021;TK/2025/0021;2025-01-08;08:00;Tabela kursowa nr 21
ZK00000008;KRS000022;TK/2025/0022;2025-01-08;16:00;Tabela kursowa nr 22
ZK00000001;KRS000023;TK/2025/0023;2025-01-09;00:00;Tabela kursowa nr 23
ZK00000002;KRS000024;TK/2025/0024;2025-01-09;08:00;Tabela kursowa nr 24
ZK00000003;KRS000025;TK/2025/0025;2025-01-09;16:00;Tabela kursowa nr 25
ZK00000001;KRS000026;TK/2025/0026;2025-01-10;00:00;Tabela kursowa nr 26
ZK00000005;KRS000027;TK/2025/0027;2025-01-10;08:00;Tabela kursowa nr 27
ZK00000006;KRS000028;TK/2025/0028;2025-01-10;16:00;Tabela kursowa nr 28
ZK00000006;KRS000029;TK/2025/0029;2025-01-11;00:00;Tabela kursowa nr 29
ZK00000007;KRS000030;TK/2025/0030;2025-01-11;08:00;Tabela kursowa nr 30
ZK00000002;KRS000031;TK/2025/0031;2025-01-11;16:00;Tabela kursowa nr 31
ZK00000002;KRS000032;TK/2025/0032;2025-01-12;00:00;Tabela kursowa nr 32
ZK00000001;KRS000033;TK/2025/0033;2025-01-12;08:00;Tabela kursowa nr 33
ZK00000001;KRS000034;TK/2025/0034;2025-01-12;16:00;Tabela kursowa nr 34
ZK00000003;KRS000035;TK/2025/0035;2025-01-13;00:00;Tabela kursowa nr 35
ZK00000003;KRS000036;TK/2025/0036;2025-01-13;08:00;Tabela kursowa nr 36
ZK00000006;KRS000037;TK/2025/0037;2025-01-13;16:00;Tabela kursowa nr 37
ZK00000006;KRS000038;TK/2025/0038;2025-01-14;00:00;Tabela kursowa nr 38
ZK00000008;KRS000039;TK/2025/0039;2025-01-14;08:00;Tabela kursowa nr 39
ZK00000010;KRS000040;TK/2025/0040;2025-01-14;16:00;Tabela kursowa nr 40
ZK00000005;KRS000041;TK/2025/0041;2025-01-15;00:00;Tabela kursowa nr 41
ZK00000002;KRS000042;TK/2025/0042;2025-01-15;08:00;Tabela kursowa nr 42
ZK00000006;KRS000043;TK/2025/0043;2025-01-15;16:00;Tabela kursowa nr 43
ZK00000006;KRS000044;TK/2025/0044;2025-01-16;00:00;Tabela kursowa nr 44
ZK00000003;KRS000045;TK/2025/0045;2025-01-16;08:00;Tabela kursowa nr 45
ZK00000002;KRS000046;TK/2025/0046;2025-01-16;16:00;Tabela kursowa nr 46
ZK00000007;KRS000047;TK/2025/0047;2025-01-17;00:00;Tabela kursowa nr 47
ZK00000007;KRS000048;TK/2025/0048;2025-01-17;08:00;Tabela kursowa nr 48
ZK00000008;KRS000049;TK/2025/0049;2025-01-17;16:00;Tabela kursowa nr 49
ZK00000005;KRS000050;TK/2025/0050;2025-01-18;00:00;Tabela kursowa nr 50
ZK00000007;KRS000051;TK/2025/0051;2025-01-18;08:00;Tabela kursowa nr 51
ZK00000008;KRS000052;TK/2025/0052;2025-01-18;16:00;Tabela kursowa nr 52
ZK00000007;KRS000053;TK/2025/0053;2025-01-19;00:00;Tabela kursowa nr 53
ZK00000003;KRS000054;TK/2025/0054;2025-01-19;08:00;Tabela kursowa nr 54
ZK00000002;KRS000055;TK/2025/0055;2025-01-19;16:00;Tabela kursowa nr 55
ZK00000003;KRS000056;TK/2025/0056;2025-01-20;00:00;Tabela kursowa nr 56
ZK00000001;KRS000057;TK/2025/0057;2025-01-20;08:00;Tabela kursowa nr 57
ZK00000003;KRS000058;TK/2025/0058;2025-01-20;16:00;Tabela kursowa nr 58
ZK00000002;KRS000059;TK/2025/0059;2025-01-21;00:00;Tabela kursowa nr 59
ZK00000007;KRS000060;TK/2025/0060;2025-01-21;08:00;Tabela kursowa nr 60
ZK00000010;KRS000061;TK/2025/0061;2025-01-21;16:00;Tabela kursowa nr 61
ZK00000008;KRS000062;TK/2025/0062;2025-01-22;00:00;Tabela kursowa nr 62
ZK00000010;KRS000063;TK/2025/0063;2025-01-22;08:00;Tabela kursowa nr 63
ZK00000008;KRS000064;TK/2025/0064;2025-01-22;16:00;Tabela kursowa nr 64
ZK00000003;KRS000065;TK/2025/0065;2025-01-23;00:00;Tabela kursowa nr 65
ZK00000010;KRS000066;TK/2025/0066;2025-01-23;08:00;Tabela kursowa nr 66
ZK00000007;KRS000067;TK/2025/0067;2025-01-23;16:00;Tabela kursowa nr 67
ZK00000006;KRS000068;TK/2025/0068;2025-01-24;00:00;Tabela kursowa nr 68
ZK00000010;KRS000069;TK/2025/0069;2025-01-24;08:00;Tabela kursowa nr 69
ZK00000001;KRS000070;TK/2025/0070;2025-01-24;16:00;Tabela kursowa nr 70
ZK00000003;KRS000071;TK/2025/0071;2025-01-25;00:00;Tabela kursowa nr 71
ZK00000008;KRS000072;TK/2025/0072;2025-01-25;08:00;Tabela kursowa nr 72
ZK00000008;KRS000073;TK/2025/0073;2025-01-25;16:00;Tabela kursowa nr 73
ZK00000002;KRS000074;TK/2025/0074;2025-01-26;00:00;Tabela kursowa nr 74
ZK00000007;KRS000075;TK/2025/0075;2025-01-26;08:00;Tabela kursowa nr 75
ZK00000008;KRS000076;TK/2025/0076;2025-01-26;16:00;Tabela kursowa nr 76
ZK00000001;KRS000077;TK/2025/0077;2025-01-27;00:00;Tabela kursowa nr 77
ZK00000002;KRS000078;TK/2025/0078;2025-01-27;08:00;Tabela kursowa nr 78
ZK00000005;KRS000079;TK/2025/0079;2025-01-27;16:00;Tabela kursowa nr 79
ZK00000006;KRS000080;TK/2025/0080;2025-01-28;00:00;Tabela kursowa nr 80
ZK00000001;KRS000081;TK/2025/0081;2025-01-28;08:00;Tabela kursowa nr 81
ZK00000009;KRS000082;TK/2025/0082;2025-01-28;16:00;Tabela kursowa nr 82
ZK00000010;KRS000083;TK/2025/0083;2025-01-29;00:00;Tabela kursowa nr 83
ZK00000010;KRS000084;TK/2025/0084;2025-01-29;08:00;Tabela kursowa nr 84
ZK00000004;KRS000085;TK/2025/0085;2025-01-29;16:00;Tabela kursowa nr 85
ZK00000006;KRS000086;TK/2025/0086;2025-01-30;00:00;Tabela kursowa nr 86
ZK00000009;KRS000087;TK/2025/0087;2025-01-30;08:00;Tabela kursowa nr 87
ZK00000009;KRS000088;TK/2025/0088;2025-01-30;16:00;Tabela kursowa nr 88
ZK00000010;KRS000089;TK/2025/0089;2025-01-31;00:00;Tabela kursowa nr 89
ZK00000002;KRS000090;TK/2025/0090;2025-01-31;08:00;Tabela kursowa nr 90
ZK00000007;KRS000091;TK/2025/0091;2025-01-31;16:00;Tabela kursowa nr 91
ZK00000004;KRS000092;TK/2025/0092;2025-02-01;00:00;Tabela kursowa nr 92
ZK00000008;KRS000093;TK/2025/0093;2025-02-01;08:00;Tabela kursowa nr 93
ZK00000006;KRS000094;TK/2025/0094;2025-02-01;16:00;Tabela kursowa nr 94
ZK00000007;KRS000095;TK/2025/0095;2025-02-02;00:00;Tabela kursowa nr 95
ZK00000003;KRS000096;TK/2025/0096;2025-02-02;08:00;Tabela kursowa nr 96
ZK00000009;KRS000097;TK/2025/0097;2025-02-02;16:00;Tabela kursowa nr 97
ZK00000010;KRS000098;TK/2025/0098;2025-02-03;00:00;Tabela kursowa nr 98
ZK00000001;KRS000099;TK/2025/0099;2025-02-03;08:00;Tabela kursowa nr 99
ZK00000001;KRS000100;TK/2025/0100;2025-02-03;16:00;Tabela kursowa nr 100
ZK00000003;KRS000101;TK/2025/0101;2025-02-04;00:00;Tabela kursowa nr 101
ZK00000009;KRS000102;TK/2025/0102;2025-02-04;08:00;Tabela kursowa nr 102
ZK00000008;KRS000103;TK/2025/0103;2025-02-04;16:00;Tabela kursowa nr 103
ZK00000008;KRS000104;TK/2025/0104;2025-02-05;00:00;Tabela kursowa nr 104
ZK00000003;KRS000105;TK/2025/0105;2025-02-05;08:00;Tabela kursowa nr 105
ZK00000002;KRS000106;TK/2025/0106;2025-02-05;16:00;Tabela kursowa nr 106
ZK00000008;KRS000107;TK/2025/0107;2025-02-06;00:00;Tabela kursowa nr 107
ZK00000006;KRS000108;TK/2025/0108;2025-02-06;08:00;Tabela kursowa nr 108
ZK00000004;KRS000109;TK/2025/0109;2025-02-06;16:00;Tabela kursowa nr 109
ZK00000006;KRS000110;TK/2025/0110;2025-02-07;00:00;Tabela kursowa nr 110
ZK00000005;KRS000111;TK/2025/0111;2025-02-07;08:00;Tabela kursowa nr 111
ZK00000001;KRS000112;TK/2025/0112;2025-02-07;16:00;Tabela kursowa nr 112
ZK00000009;KRS000113;TK/2025/0113;2025-02-08;00:00;Tabela kursowa nr 113
ZK00000004;KRS000114;TK/2025/0114;2025-02-08;08:00;Tabela kursowa nr 114
ZK00000009;KRS000115;TK/2025/0115;2025-02-08;16:00;Tabela kursowa nr 115
ZK00000007;KRS000116;TK/2025/0116;2025-02-09;00:00;Tabela kursowa nr 116
ZK00000007;KRS000117;TK/2025/0117;2025-02-09;08:00;Tabela kursowa nr 117
ZK00000004;KRS000118;TK/2025/0118;2025-02-09;16:00;Tabela kursowa nr 118
ZK00000002;KRS000119;TK/2025/0119;2025-02-10;00:00;Tabela kursowa nr 119
ZK00000008;KRS000120;TK/2025/0120;2025-02-10;08:00;Tabela kursowa nr 120
ZK00000008;KRS000121;TK/2025/0121;2025-02-10;16:00;Tabela kursowa nr 121
ZK00000010;KRS000122;TK/2025/0122;2025-02-11;00:00;Tabela kursowa nr 122
ZK00000008;KRS000123;TK/2025/0123;2025-02-11;08:00;Tabela kursowa nr 123
ZK00000002;KRS000124;TK/2025/0124;2025-02-11;16:00;Tabela kursowa nr 124
ZK00000008;KRS000125;TK/2025/0125;2025-02-12;00:00;Tabela kursowa nr 125
ZK00000008;KRS000126;TK/2025/0126;2025-02-12;08:00;Tabela kursowa nr 126
ZK00000006;KRS000127;TK/2025/0127;2025-02-12;16:00;Tabela kursowa nr 127
ZK00000002;KRS000128;TK/2025/0128;2025-02-13;00:00;Tabela kursowa nr 128
ZK00000008;KRS000129;TK/2025/0129;2025-02-13;08:00;Tabela kursowa nr 129
ZK00000001;KRS000130;TK/2025/0130;2025-02-13;16:00;Tabela kursowa nr 130
ZK00000002;KRS000131;TK/2025/0131;2025-02-14;00:00;Tabela kursowa nr 131
ZK00000007;KRS000132;TK/2025/0132;2025-02-14;08:00;Tabela kursowa nr 132
ZK00000007;KRS000133;TK/2025/0133;2025-02-14;16:00;Tabela kursowa nr 133
ZK00000001;KRS000134;TK/2025/0134;2025-02-15;00:00;Tabela kursowa nr 134
ZK00000009;KRS000135;TK/2025/0135;2025-02-15;08:00;Tabela kursowa nr 135
ZK00000009;KRS000136;TK/2025/0136;2025-02-15;16:00;Tabela kursowa nr 136
ZK00000001;KRS000137;TK/2025/0137;2025-02-16;00:00;Tabela kursowa nr 137
ZK00000002;KRS000138;TK/2025/0138;2025-02-16;08:00;Tabela kursowa nr 138
ZK00000010;KRS000139;TK/2025/0139;2025-02-16;16:00;Tabela kursowa nr 139
ZK00000010;KRS000140;TK/2025/0140;2025-02-17;00:00;Tabela kursowa nr 140
ZK00000005;KRS000141;TK/2025/0141;2025-02-17;08:00;Tabela kursowa nr 141
ZK00000009;KRS000142;TK/2025/0142;2025-02-17;16:00;Tabela kursowa nr 142
ZK00000009;KRS000143;TK/2025/0143;2025-02-18;00:00;Tabela kursowa nr 143
ZK00000004;KRS000144;TK/2025/0144;2025-02-18;08:00;Tabela kursowa nr 144
ZK00000008;KRS000145;TK/2025/0145;2025-02-18;16:00;Tabela kursowa nr 145
ZK00000006;KRS000146;TK/2025/0146;2025-02-19;00:00;Tabela kursowa nr 146
ZK00000006;KRS000147;TK/2025/0147;2025-02-19;08:00;Tabela kursowa nr 147
ZK00000001;KRS000148;TK/2025/0148;2025-02-19;16:00;Tabela kursowa nr 148
ZK00000004;KRS000149;TK/2025/0149;2025-02-20;00:00;Tabela kursowa nr 149
ZK00000008;KRS000150;TK/2025/0150;2025-02-20;08:00;Tabela kursowa nr 150
ZK00000006;KRS000151;TK/2025/0151;2025-02-20;16:00;Tabela kursowa nr 151
ZK00000009;KRS000152;TK/2025/0152;2025-02-21;00:00;Tabela kursowa nr 152
ZK00000010;KRS000153;TK/2025/0153;2025-02-21;08:00;Tabela kursowa nr 153
ZK00000010;KRS000154;TK/2025/0154;2025-02-21;16:00;Tabela kursowa nr 154
ZK00000008;KRS000155;TK/2025/0155;2025-02-22;00:00;Tabela kursowa nr 155
ZK00000006;KRS000156;TK/2025/0156;2025-02-22;08:00;Tabela kursowa nr 156
ZK00000008;KRS000157;TK/2025/0157;2025-02-22;16:00;Tabela kursowa nr 157
ZK00000002;KRS000158;TK/2025/0158;2025-02-23;00:00;Tabela kursowa nr 158
ZK00000002;KRS000159;TK/2025/0159;2025-02-23;08:00;Tabela kursowa nr 159
ZK00000004;KRS000160;TK/2025/0160;2025-02-23;16:00;Tabela kursowa nr 160
ZK00000001;KRS000161;TK/2025/0161;2025-02-24;00:00;Tabela kursowa nr 161
ZK00000006;KRS000162;TK/2025/0162;2025-02-24;08:00;Tabela kursowa nr 162
ZK00000006;KRS000163;TK/2025/0163;2025-02-24;16:00;Tabela kursowa nr 163
ZK00000005;KRS000164;TK/2025/0164;2025-02-25;00:00;Tabela kursowa nr 164
ZK00000009;KRS000165;TK/2025/0165;2025-02-25;08:00;Tabela kursowa nr 165
ZK00000009;KRS000166;TK/2025/0166;2025-02-25;16:00;Tabela kursowa nr 166
ZK00000006;KRS000167;TK/2025/0167;2025-02-26;00:00;Tabela kursowa nr 167
ZK00000002;KRS000168;TK/2025/0168;2025-02-26;08:00;Tabela kursowa nr 168
ZK00000001;KRS000169;TK/2025/0169;2025-02-26;16:00;Tabela kursowa nr 169
ZK00000003;KRS000170;TK/2025/0170;2025-02-27;00:00;Tabela kursowa nr 170
ZK00000008;KRS000171;TK/2025/0171;2025-02-27;08:00;Tabela kursowa nr 171
ZK00000003;KRS000172;TK/2025/0172;2025-02-27;16:00;Tabela kursowa nr 172
ZK00000007;KRS000173;TK/2025/0173;2025-02-28;00:00;Tabela kursowa nr 173
ZK00000002;KRS000174;TK/2025/0174;2025-02-28;08:00;Tabela kursowa nr 174
ZK00000005;KRS000175;TK/2025/0175;2025-02-28;16:00;Tabela kursowa nr 175
ZK00000010;KRS000176;TK/2025/0176;2025-03-01;00:00;Tabela kursowa nr 176
ZK00000004;KRS000177;TK/2025/0177;2025-03-01;08:00;Tabela kursowa nr 177
ZK00000004;KRS000178;TK/2025/0178;2025-03-01;16:00;Tabela kursowa nr 178
ZK00000002;KRS000179;TK/2025/0179;2025-03-02;00:00;Tabela kursowa nr 179
ZK00000007;KRS000180;TK/2025/0180;2025-03-02;08:00;Tabela kursowa nr 180
ZK00000004;KRS000181;TK/2025/0181;2025-03-02;16:00;Tabela kursowa nr 181
ZK00000008;KRS000182;TK/2025/0182;2025-03-03;00:00;Tabela kursowa nr 182
ZK00000004;KRS000183;TK/2025/0183;2025-03-03;08:00;Tabela kursowa nr 183
ZK00000006;KRS000184;TK/2025/0184;2025-03-03;16:00;Tabela kursowa nr 184
ZK00000002;KRS000185;TK/2025/0185;2025-03-04;00:00;Tabela kursowa nr 185
ZK00000007;KRS000186;TK/2025/0186;2025-03-04;08:00;Tabela kursowa nr 186
ZK00000001;KRS000187;TK/2025/0187;2025-03-04;16:00;Tabela kursowa nr 187
ZK00000010;KRS000188;TK/2025/0188;2025-03-05;00:00;Tabela kursowa nr 188
ZK00000002;KRS000189;TK/2025/0189;2025-03-05;08:00;Tabela kursowa nr 189
ZK00000008;KRS000190;TK/2025/0190;2025-03-05;16:00;Tabela kursowa nr 190
ZK00000008;KRS000191;TK/2025/0191;2025-03-06;00:00;Tabela kursowa nr 191
ZK00000010;KRS000192;TK/2025/0192;2025-03-06;08:00;Tabela kursowa nr 192
ZK00000009;KRS000193;TK/2025/0193;2025-03-06;16:00;Tabela kursowa nr 193
ZK00000003;KRS000194;TK/2025/0194;2025-03-07;00:00;Tabela kursowa nr 194
ZK00000008;KRS000195;TK/2025/0195;2025-03-07;08:00;Tabela kursowa nr 195
ZK00000001;KRS000196;TK/2025/0196;2025-03-07;16:00;Tabela kursowa nr 196
ZK00000009;KRS000197;TK/2025/0197;2025-03-08;00:00;Tabela kursowa nr 197
ZK00000001;KRS000198;TK/2025/0198;2025-03-08;08:00;Tabela kursowa nr 198
ZK00000009;KRS000199;TK/2025/0199;2025-03-08;16:00;Tabela kursowa nr 199
ZK00000007;KRS000200;TK/2025/0200;2025-03-09;00:00;Tabela kursowa nr 200
ZK00000010;KRS000201;TK/2025/0201;2025-03-09;08:00;Tabela kursowa nr 201
ZK00000008;KRS000202;TK/2025/0202;2025-03-09;16:00;Tabela kursowa nr 202
ZK00000009;KRS000203;TK/2025/0203;2025-03-10;00:00;Tabela kursowa nr 203
ZK00000003;KRS000204;TK/2025/0204;2025-03-10;08:00;Tabela kursowa nr 204
ZK00000010;KRS000205;TK/2025/0205;2025-03-10;16:00;Tabela kursowa nr 205
ZK00000003;KRS000206;TK/2025/0206;2025-03-11;00:00;Tabela kursowa nr 206
ZK00000003;KRS000207;TK/2025/0207;2025-03-11;08:00;Tabela kursowa nr 207
ZK00000002;KRS000208;TK/2025/0208;2025-03-11;16:00;Tabela kursowa nr 208
ZK00000007;KRS000209;TK/2025/0209;2025-03-12;00:00;Tabela kursowa nr 209
ZK00000010;KRS000210;TK/2025/0210;2025-03-12;08:00;Tabela kursowa nr 210
ZK00000010;KRS000211;TK/2025/0211;2025-03-12;16:00;Tabela kursowa nr 211
ZK00000006;KRS000212;TK/2025/0212;2025-03-13;00:00;Tabela kursowa nr 212
ZK00000009;KRS000213;TK/2025/0213;2025-03-13;08:00;Tabela kursowa nr 213
ZK00000007;KRS000214;TK/2025/0214;2025-03-13;16:00;Tabela kursowa nr 214
ZK00000007;KRS000215;TK/2025/0215;2025-03-14;00:00;Tabela kursowa nr 215
ZK00000010;KRS000216;TK/2025/0216;2025-03-14;08:00;Tabela kursowa nr 216
ZK00000004;KRS000217;TK/2025/0217;2025-03-14;16:00;Tabela kursowa nr 217
ZK00000005;KRS000218;TK/2025/0218;2025-03-15;00:00;Tabela kursowa nr 218
ZK00000007;KRS000219;TK/2025/0219;2025-03-15;08:00;Tabela kursowa nr 219
ZK00000006;KRS000220;TK/2025/0220;2025-03-15;16:00;Tabela kursowa nr 220
ZK00000005;KRS000221;TK/2025/0221;2025-03-16;00:00;Tabela kursowa nr 221
ZK00000008;KRS000222;TK/2025/0222;2025-03-16;08:00;Tabela kursowa nr 222
ZK00000003;KRS000223;TK/2025/0223;2025-03-16;16:00;Tabela kursowa nr 223
ZK00000003;KRS000224;TK/2025/0224;2025-03-17;00:00;Tabela kursowa nr 224
ZK00000007;KRS000225;TK/2025/0225;2025-03-17;08:00;Tabela kursowa nr 225
ZK00000010;KRS000226;TK/2025/0226;2025-03-17;16:00;Tabela kursowa nr 226
ZK00000009;KRS000227;TK/2025/0227;2025-03-18;00:00;Tabela kursowa nr 227
ZK00000005;KRS000228;TK/2025/0228;2025-03-18;08:00;Tabela kursowa nr 228
ZK00000009;KRS000229;TK/2025/0229;2025-03-18;16:00;Tabela kursowa nr 229
ZK00000006;KRS000230;TK/2025/0230;2025-03-19;00:00;Tabela kursowa nr 230
ZK00000009;KRS000231;TK/2025/0231;2025-03-19;08:00;Tabela kursowa nr 231
ZK00000004;KRS000232;TK/2025/0232;2025-03-19;16:00;Tabela kursowa nr 232
ZK00000004;KRS000233;TK/2025/0233;2025-03-20;00:00;Tabela kursowa nr 233
ZK00000004;KRS000234;TK/2025/0234;2025-03-20;08:00;Tabela kursowa nr 234
ZK00000010;KRS000235;TK/2025/0235;2025-03-20;16:00;Tabela kursowa nr 235
ZK00000005;KRS000236;TK/2025/0236;2025-03-21;00:00;Tabela kursowa nr 236
ZK00000006;KRS000237;TK/2025/0237;2025-03-21;08:00;Tabela kursowa nr 237
ZK00000003;KRS000238;TK/2025/0238;2025-03-21;16:00;Tabela kursowa nr 238
ZK00000003;KRS000239;TK/2025/0239;2025-03-22;00:00;Tabela kursowa nr 239
ZK00000009;KRS000240;TK/2025/0240;2025-03-22;08:00;Tabela kursowa nr 240
ZK00000009;KRS000241;TK/2025/0241;2025-03-22;16:00;Tabela kursowa nr 241
ZK00000006;KRS000242;TK/2025/0242;2025-03-23;00:00;Tabela kursowa nr 242
ZK00000002;KRS000243;TK/2025/0243;2025-03-23;08:00;Tabela kursowa nr 243
ZK00000006;KRS000244;TK/2025/0244;2025-03-23;16:00;Tabela kursowa nr 244
ZK00000009;KRS000245;TK/2025/0245;2025-03-24;00:00;Tabela kursowa nr 245
ZK00000008;KRS000246;TK/2025/0246;2025-03-24;08:00;Tabela kursowa nr 246
ZK00000010;KRS000247;TK/2025/0247;2025-03-24;16:00;Tabela kursowa nr 247
ZK00000010;KRS000248;TK/2025/0248;2025-03-25;00:00;Tabela kursowa nr 248
ZK00000007;KRS000249;TK/2025/0249;2025-03-25;08:00;Tabela kursowa nr 249
ZK00000009;KRS000250;TK/2025/0250;2025-03-25;16:00;Tabela kursowa nr 250
